audio,s1
a0001,340
a0002,460
a0003,1000
a0004,820
a0005,220
a0006,520
a0007,480
a0008,320
a0009,540
a0010,520
a0011,760
a0012,20
a0013,300
a0014,700
a0015,500
a0016,360
a0017,580
a0018,740
a0019,840
a0020,600
a0021,240
a0022,920
a0023,820
a0024,300
a0025,960
a0026,160
a0027,500
a0028,640
a0029,620
a0030,420
a0031,1620
a0032,520
a0033,500
a0034,1040
a0035,20
a0036,700
a0037,780
a0038,20
a0039,20
a0040,360
a0041,300
a0042,760
a0043,340
a0044,240
a0045,600
a0046,600
a0047,200
a0048,540
a0049,680
a0050,340
a0051,1140
a0052,260
a0053,360
a0054,240
a0055,180
a0056,20
a0057,460
a0058,640
a0059,620
a0060,740
a0061,600
a0062,600
a0063,80
a0064,300
a0065,20
a0066,820
a0067,880
a0068,20
a0069,440
a0070,580
a0071,580
a0072,440
a0073,720
a0074,1140
a0075,700
a0076,240
a0077,560
a0078,20
a0079,740
a0080,500
a0081,220
a0082,420
a0083,600
a0084,900
a0085,560
a0086,340
a0087,140
a0088,860
a0089,280
a0090,540
a0091,100
a0092,660
a0093,740
a0094,740
a0095,580
a0096,560
a0097,140
a0098,660
a0099,740
a0100,360
a0101,740
a0102,480
a0103,460
a0104,580
a0105,220
a0106,520
a0107,640
a0108,220
a0109,340
a0110,560
a0111,1000
a0112,220
a0113,360
a0114,740
a0115,80
a0116,120
a0117,100
a0118,620
a0119,80
a0120,660
a0121,560
a0122,500
a0123,200
a0124,980
a0125,320
a0126,20
a0127,640
a0128,440
a0129,200
a0130,480
a0131,860
a0132,960
a0133,600
a0134,200
a0135,1220
a0136,280
a0137,140
a0138,140
a0139,200
a0140,600
a0141,140
a0142,540
a0143,540
a0144,920
a0145,280
a0146,680
a0147,400
a0148,760
a0149,60
a0150,920
a0151,20
a0152,20
a0153,680
a0154,520
a0155,360
a0156,640
a0157,80
a0158,640
a0159,180
a0160,640
a0161,440
a0162,200
a0163,20
a0164,540
a0165,720
a0166,540
a0167,860
a0168,560
a0169,400
a0170,640
a0171,500
a0172,100
a0173,680
a0174,480
a0175,380
a0176,520
a0177,1080
a0178,500
a0179,420
a0180,20
a0181,140
a0182,820
a0183,20
a0184,620
a0185,240
a0186,400
a0187,140
a0188,20
a0189,580
a0190,380
a0191,380
a0192,620
a0193,520
a0194,280
a0195,460
a0196,20
a0197,660
a0198,340
a0199,240
a0200,400
a0201,460
a0202,140
a0203,140
a0204,820
a0205,520
a0206,80
a0207,960
a0208,120
a0209,260
a0210,480
a0211,80
a0212,300
a0213,1060
a0214,20
a0215,560
a0216,140
a0217,680
a0218,320
a0219,20
a0220,560
a0221,1040
a0222,20
a0223,740
a0224,400
a0225,160
a0226,180
a0227,160
a0228,80
a0229,100
a0230,440
a0231,640
a0232,620
a0233,460
a0234,260
a0235,280
a0236,500
a0237,400
a0238,480
a0239,20
a0240,100
a0241,20
a0242,900
a0243,160
a0244,100
a0245,520
a0246,140
a0247,320
a0248,780
a0249,180
a0250,480
a0251,500
a0252,600
a0253,580
a0254,600
a0255,120
a0256,780
a0257,300
a0258,400
a0259,540
a0260,720
a0261,480
a0262,720
a0263,20
a0264,240
a0265,100
a0266,260
a0267,760
a0268,960
a0269,800
a0270,760
a0271,340
a0272,120
a0273,580
a0274,380
a0275,800
a0276,140
a0277,120
a0278,660
a0279,20
a0280,160
a0281,20
a0282,180
a0283,120
a0284,240
a0285,340
a0286,1140
a0287,900
a0288,20
a0289,560
a0290,700
a0291,600
a0292,960
a0293,520
a0294,340
a0295,840
a0296,700
a0297,320
a0298,380
a0299,780
a0300,280
a0301,400
a0302,340
a0303,920
a0304,360
a0305,1080
a0306,620
a0307,80
a0308,260
a0309,540
a0310,200
a0311,900
a0312,200
a0313,900
a0314,1520
a0315,500
a0316,80
a0317,100
a0318,940
a0319,460
a0320,780
a0321,860
a0322,700
a0323,580
a0324,620
a0325,860
a0326,60
a0327,360
a0328,920
a0329,660
a0330,20
a0331,600
a0332,20
a0333,140
a0334,260
a0335,20
a0336,760
a0337,400
a0338,1040
a0339,1060
a0340,560
a0341,360
a0342,580
a0343,700
a0344,280
a0345,20
a0346,620
a0347,220
a0348,720
a0349,380
a0350,620
a0351,20
a0352,20
a0353,20
a0354,120
a0355,120
a0356,760
a0357,780
a0358,260
a0359,840
a0360,740
a0361,20
a0362,180
a0363,220
a0364,120
a0365,200
a0366,900
a0367,700
a0368,480
a0369,160
a0370,340
a0371,200
a0372,120
a0373,200
a0374,600
a0375,580
a0376,620
a0377,640
a0378,340
a0379,60
a0380,520
a0381,440
a0382,680
a0383,80
a0384,1060
a0385,240
a0386,500
a0387,100
a0388,240
a0389,100
a0390,160
a0391,600
a0392,280
a0393,20
a0394,460
a0395,740
a0396,20
a0397,780
a0398,620
a0399,640
a0400,220
a0401,20
a0402,480
a0403,820
a0404,880
a0405,760
a0406,20
a0407,80
a0408,840
a0409,520
b0001,440
b0002,600
b0003,180
b0004,800
b0005,680
b0006,380
b0007,520
b0008,800
b0009,360
b0010,20
b0011,220
b0012,100
b0013,660
b0014,880
b0015,480
b0016,60
b0017,120
b0018,540
b0019,780
b0020,640
b0021,480
b0022,20
b0023,920
b0024,240
b0025,80
b0026,420
b0027,740
b0028,180
b0029,640
b0030,140
b0031,260
b0032,100
b0033,660
b0034,1220
b0035,260
b0036,180
b0037,440
b0038,980
b0039,720
b0040,600
b0041,140
b0042,20
b0043,120
b0044,320
b0045,20
b0046,580
b0047,260
b0048,140
b0049,400
b0050,540
b0051,420
b0052,460
b0053,100
b0054,240
b0055,20
b0056,20
b0057,1100
b0058,860
b0059,140
b0060,560
b0061,320
b0062,380
b0063,20
b0064,320
b0065,60
b0066,440
b0067,260
b0068,220
b0069,600
b0070,620
b0071,800
b0072,120
b0073,660
b0074,460
b0075,300
b0076,1040
b0077,100
b0078,80
b0079,100
b0080,820
b0081,20
b0082,1080
b0083,580
b0084,180
b0085,200
b0086,440
b0087,440
b0088,920
b0089,640
b0090,120
b0091,500
b0092,120
b0093,780
b0094,320
b0095,360
b0096,740
b0097,420
b0098,680
b0099,1040
b0100,580
b0101,140
b0102,360
b0103,1560
b0104,120
b0105,620
b0106,60
b0107,660
b0108,200
b0109,120
b0110,880
b0111,320
b0112,20
b0113,540
b0114,960
b0115,380
b0116,560
b0117,580
b0118,340
b0119,820
b0120,580
b0121,700
b0122,120
b0123,280
b0124,340
b0125,120
b0126,80
b0127,760
b0128,620
b0129,700
b0130,180
b0131,180
b0132,940
b0133,520
b0134,700
b0135,840
b0136,380
b0137,480
b0138,420
b0139,180
b0140,400
b0141,20
b0142,240
b0143,980
b0144,820
b0145,740
b0146,600
b0147,660
b0148,1560
b0149,720
b0150,780
b0151,140
b0152,580
b0153,420
b0154,700
b0155,140
b0156,420
b0157,680
b0158,20
b0159,120
b0160,460
b0161,560
b0162,380
b0163,280
b0164,800
b0165,60
b0166,120
b0167,460
b0168,380
b0169,360
b0170,520
b0171,860
b0172,480
b0173,380
b0174,500
b0175,180
b0176,740
b0177,140
b0178,240
b0179,20
b0180,120
b0181,620
b0182,100
b0183,220
b0184,340
b0185,20
b0186,560
b0187,520
b0188,620
b0189,300
b0190,300
b0191,260
b0192,340
b0193,100
b0194,520
b0195,280
b0196,320
b0197,940
b0198,620
b0199,400
b0200,360
b0201,280
b0202,460
b0203,20
b0204,540
b0205,420
b0206,1240
b0207,260
b0208,180
b0209,20
b0210,840
b0211,140
b0212,860
b0213,80
b0214,260
b0215,680
b0216,1060
b0217,480
b0218,120
b0219,100
b0220,500
b0221,480
b0222,740
b0223,100
b0224,460
b0225,400
b0226,520
b0227,60
b0228,800
b0229,300
b0230,940
b0231,200
b0232,300
b0233,160
b0234,240
b0235,900
b0236,760
b0237,100
b0238,20
b0239,880
b0240,400
b0241,460
b0242,300
b0243,260
b0244,540
b0245,120
b0246,240
b0247,840
b0248,140
b0249,60
b0250,380
b0251,760
b0252,260
b0253,420
b0254,640
b0255,880
b0256,580
b0257,20
b0258,460
b0259,500
b0260,560
b0261,800
b0262,180
b0263,20
b0264,220
b0265,520
b0266,360
b0267,620
b0268,660
b0269,220
b0270,360
b0271,420
b0272,680
b0273,740
b0274,240
b0275,160
b0276,660
b0277,500
b0278,20
b0279,360
b0280,540
b0281,280
b0282,800
b0283,1200
b0284,20
b0285,760
b0286,960
b0287,540
b0288,20
b0289,300
b0290,260
b0291,100
b0292,600
b0293,620
b0294,260
b0295,1460
b0296,580
b0297,160
b0298,920
b0299,260
b0300,460
b0301,220
b0302,580
b0303,600
b0304,1000
b0305,140
b0306,1220
b0307,840
b0308,360
b0309,100
b0310,160
b0311,640
b0312,20
b0313,780
b0314,720
b0315,160
b0316,200
b0317,200
b0318,600
b0319,320
b0320,460
b0321,1820
b0322,620
b0323,60
b0324,20
b0325,440
b0326,20
b0327,1080
b0328,20
b0329,60
b0330,720
b0331,860
b0332,580
b0333,500
b0334,560
b0335,120
b0336,260
b0337,20
b0338,20
b0339,160
b0340,60
b0341,580
b0342,580
b0343,200
b0344,620
b0345,480
b0346,680
b0347,620
b0348,400
b0349,700
b0350,300
b0351,520
b0352,980
b0353,380
b0354,480
b0355,680
b0356,280
b0357,700
b0358,140
b0359,960
b0360,240
b0361,580
b0362,320
b0363,560
b0364,260
b0365,720
b0366,200
b0367,20
b0368,80
b0369,360
b0370,380
b0371,20
b0372,20
b0373,140
b0374,360
b0375,360
b0376,720
b0377,760
b0378,800
b0379,400
b0380,260
b0381,480
b0382,940
b0383,280
b0384,20
b0385,420
b0386,400
b0387,440
b0388,240
b0389,740
b0390,620
b0391,480
b0392,160
b0393,300
b0394,100
b0395,720
b0396,1040
b0397,480
b0398,1780
b0399,620
b0400,880
b0401,680
b0402,260
b0403,60
b0404,340
b0405,600
b0406,600
b0407,60
b0408,200
b0409,240
b0410,540
b0411,320
b0412,900
b0413,800
b0414,800
b0415,280
b0416,500
b0417,380
b0418,280
b0419,600
b0420,260
b0421,40
b0422,600
b0423,320
b0424,340
b0425,880
b0426,640
b0427,320
b0428,460
b0429,220
b0430,100
b0431,660
b0432,740
b0433,400
b0434,780
b0435,680
b0436,780
b0437,500
b0438,480
b0439,460
b0440,280
b0441,380
b0442,540
b0443,480
b0444,1260
b0445,120
b0446,280
b0447,300
b0448,60
b0449,340
b0450,20
b0451,80
b0452,620
b0453,20
b0454,560
b0455,460
b0456,980
b0457,860
b0458,420
b0459,60
b0460,100
b0461,1120
b0462,20
b0463,580
b0464,1020
b0465,180
b0466,540
b0467,1040
b0468,180
b0469,740
b0470,340
b0471,60
b0472,380
b0473,240
b0474,340
b0475,20
b0476,1260
b0477,860
b0478,120
b0479,220
b0480,620
b0481,220
b0482,600
b0483,360
b0484,400
b0485,20
b0486,540
b0487,120
b0488,960
b0489,520
b0490,200
c0001,220
c0002,860
c0003,240
c0004,200
c0005,580
c0006,120
c0007,980
c0008,20
c0009,260
c0010,220
c0011,160
c0012,300
c0013,240
c0014,500
c0015,680
c0016,200
c0017,320
c0018,780
c0019,180
c0020,220
c0021,960
c0022,120
c0023,480
c0024,200
c0025,100
c0026,80
c0027,280
c0028,240
c0029,20
c0030,240
c0031,220
d0001,260
d0002,20
d0003,560
d0004,1240
d0005,80
d0006,120
d0007,460
d0008,420
d0009,1220
d0010,120
d0011,620
d0012,1180
d0013,940
d0014,60
d0015,160
d0016,60
d0017,80
d0018,80
d0019,1120
d0020,80
d0021,420
d0022,860
d0023,340
d0024,160
d0025,600
d0026,820
d0027,340
d0028,140
d0029,140
d0030,80
d0031,20
d0032,540
d0033,1320
d0034,600
d0035,920
d0036,60
d0037,60
d0038,420
d0039,80
d0040,1020
d0041,140
d0042,320
d0043,100
d0044,240
d0045,20
d0046,260
d0047,240
d0048,480
d0049,980
d0050,60
d0051,120
d0052,400
d0053,120
d0054,480
d0055,100
e0001,400
e0002,160
e0003,540
e0004,680
e0005,480
e0006,300
e0007,160
e0008,540
e0009,180
e0010,320
e0011,400
e0012,780
e0013,1060
e0014,140
e0015,120
e0016,380
e0017,880
e0018,20
e0019,60
e0020,220
e0021,240
e0022,580
e0023,200
e0024,460
e0025,680
e0026,760
e0027,460
e0028,600
e0029,480
e0030,820
e0031,300
e0032,740
e0033,1000
e0034,280
e0035,20
e0036,920
e0037,480
e0038,700
e0039,80
e0040,20
e0041,800
e0042,140
e0043,320
e0044,80
e0045,260
e0046,400
e0047,60
e0048,340
e0049,60
e0050,1060
e0051,540
e0052,20
e0053,360
e0054,720
e0055,220
e0056,500
e0057,560
e0058,140
e0059,120
e0060,640
e0061,380
e0062,320
e0063,180
e0064,680
e0065,480
e0066,520
e0067,20
e0068,300
e0069,340
e0070,20
e0071,700
e0072,40
e0073,280
e0074,520
e0075,20
e0076,340
e0077,460
e0078,380
e0079,540
e0080,20
e0081,280
e0082,180
e0083,220
e0084,20
e0085,880
e0086,260
e0087,340
e0088,240
e0089,200
e0090,220
e0091,380
e0092,340
e0093,140
e0094,760
e0095,440
e0096,480
e0097,520
e0098,1120
e0099,20
e0100,620
e0101,480
e0102,840
e0103,200
e0104,340
e0105,720
e0106,620
e0107,260
e0108,580
e0109,120
e0110,520
e0111,180
e0112,400
e0113,260
e0114,380
e0115,20
e0116,380
e0117,380
e0118,520
e0119,340
e0120,740
e0121,740
e0122,380
e0123,300
e0124,560
e0125,680
e0126,780
e0127,460
e0128,280
e0129,460
e0130,440
e0131,600
e0132,180
e0133,140
e0134,260
e0135,460
e0136,360
e0137,100
e0138,380
e0139,300
e0140,300
e0141,520
e0142,160
e0143,20
e0144,180
e0145,1040
e0146,500
e0147,20
e0148,1020
e0149,740
e0150,220
e0151,520
e0152,80
e0153,340
e0154,200
e0155,420
e0156,120
e0157,400
e0158,360
e0159,220
e0160,20
e0161,120
e0162,60
e0163,500
e0164,580
e0165,100
e0166,460
e0167,400
e0168,320
e0169,780
e0170,20
e0171,660
e0172,940
e0173,760
e0174,1400
e0175,120
e0176,560
e0177,900
e0178,240
e0179,180
e0180,720
e0181,1440
e0182,360
e0183,20
e0184,320
e0185,20
e0186,180
e0187,20
e0188,680
e0189,520
e0190,400
e0191,300
e0192,140
e0193,740
e0194,260
e0195,720
e0196,480
e0197,380
e0198,820
e0199,540
e0200,620
e0201,500
e0202,480
e0203,460
e0204,400
e0205,520
e0206,360
e0207,560
e0208,60
e0209,520
e0210,560
e0211,660
e0212,220
e0213,440
e0214,380
e0215,960
e0216,420
e0217,460
e0218,280
e0219,560
e0220,200
e0221,800
e0222,160
e0223,600
e0224,120
e0225,700
e0226,360
e0227,400
e0228,460
e0229,200
e0230,80
e0231,680
e0232,220
e0233,620
e0234,240
e0235,220
e0236,280
e0237,280
e0238,60
e0239,720
e0240,940
e0241,140
e0242,720
e0243,980
e0244,80
e0245,640
e0246,340
e0247,20
e0248,480
e0249,120
e0250,360
e0251,20
e0252,140
e0253,20
e0254,140
e0255,460
e0256,120
e0257,20
e0258,20
e0259,560
e0260,500
e0261,260
e0262,60
e0263,20
e0264,420
e0265,240
e0266,480
e0267,20
e0268,260
e0269,120
e0270,300
e0271,600
e0272,20
e0273,760
e0274,680
e0275,20
e0276,780
e0277,460
e0278,540
e0279,520
e0280,300
e0281,480
e0282,840
e0283,820
e0284,900
e0285,1040
e0286,200
e0287,320
e0288,480
e0289,420
e0290,560
e0291,900
e0292,400
e0293,240
e0294,560
e0295,420
e0296,440
e0297,20
e0298,80
e0299,200
e0300,500
e0301,580
e0302,20
e0303,460
e0304,400
e0305,720
e0306,340
e0307,20
e0308,300
e0309,80
e0310,440
e0311,140
e0312,400
e0313,340
e0314,380
e0315,440
e0316,160
e0317,160
e0318,360
e0319,560
e0320,340
e0321,580
e0322,520
e0323,460
e0324,240
e0325,740
e0326,640
e0327,340
e0328,160
e0329,660
e0330,520
e0331,300
e0332,560
e0333,400
e0334,500
e0335,320
e0336,1000
e0337,280
e0338,340
e0339,300
e0340,380
e0341,560
e0342,740
e0343,420
e0344,860
e0345,580
e0346,740
e0347,640
e0348,240
e0349,840
e0350,580
e0351,560
e0352,960
e0353,560
e0354,100
e0355,420
e0356,400
e0357,700
e0358,100
e0359,660
e0360,220
e0361,80
e0362,540
e0363,440
e0364,20
e0365,20
e0366,640
e0367,540
e0368,1540
e0369,200
e0370,20
e0371,360
e0372,360
e0373,20
e0374,600
e0375,840
e0376,260
e0377,220
e0378,420
e0379,100
e0380,100
e0381,280
e0382,1060
e0383,500
e0384,500
e0385,120
e0386,260
e0387,520
e0388,160
e0389,280
e0390,460
e0391,160
e0392,280
e0393,480
e0394,400
e0395,260
e0396,600
e0397,860
e0398,180
e0399,340
e0400,360
e0401,420
e0402,500
e0403,280
e0404,60
e0405,620
e0406,620
e0407,260
e0408,520
e0409,200
e0410,360
e0411,300
e0412,60
e0413,360
e0414,140
e0415,560
e0416,20
e0417,20
e0418,420
e0419,480
e0420,620
e0421,700
e0422,20
e0423,200
e0424,180
e0425,620
e0426,340
e0427,20
e0428,680
e0429,540
e0430,260
e0431,400
e0432,640
e0433,20
e0434,800
e0435,1520
e0436,440
e0437,580
e0438,360
e0439,440
e0440,220
e0441,260
e0442,360
e0443,80
e0444,480
e0445,380
e0446,320
e0447,80
e0448,260
e0449,480
e0450,480
e0451,780
e0452,80
e0453,300
e0454,320
e0455,320
e0456,700
e0457,460
e0458,340
e0459,520
e0460,360
e0461,160
e0462,340
e0463,200
e0464,120
e0465,460
e0466,480
e0467,220
e0468,520
e0469,1040
e0470,60
e0471,60
e0472,60
e0473,180
e0474,20
e0475,180
e0476,400
e0477,520
e0478,860
e0479,360
e0480,560
e0481,360
e0482,220
e0483,280
e0484,80
e0485,920
e0486,220
e0487,560
e0488,480
e0489,700
e0490,680
e0491,440
e0492,120
e0493,860
e0494,840
e0495,620
e0496,720
e0497,280
e0498,20
e0499,100
e0500,260
e0501,700
e0502,140
e0503,180
e0504,420
e0505,540
e0506,840
e0507,100
e0508,500
e0509,580
e0510,420
e0511,500
e0512,600
e0513,960
e0514,20
e0515,460
e0516,680
e0517,20
e0518,80
e0519,360
e0520,340
e0521,140
e0522,100
e0523,20
e0524,60
e0525,240
e0526,240
e0527,280
e0528,140
e0529,680
e0530,60
e0531,180
e0532,20
e0533,300
e0534,500
e0535,20
e0536,100
e0537,520
e0538,240
e0539,420
e0540,740
e0541,280
e0542,640
e0543,280
e0544,680
e0545,240
e0546,340
e0547,160
e0548,200
e0549,760
e0550,240
e0551,600
e0552,200
e0553,520
e0554,540
e0555,800
e0556,180
e0557,180
e0558,580
e0559,20
e0560,300
e0561,480
e0562,420
e0563,1220
e0564,400
e0565,820
e0566,180
e0567,800
e0568,820
e0569,140
e0570,20
e0571,500
e0572,20
e0573,700
e0574,500
e0575,360
e0576,160
e0577,380
e0578,620
e0579,100
e0580,420
e0581,180
e0582,1000
e0583,380
e0584,120
e0585,320
e0586,60
e0587,520
e0588,580
e0589,800
e0590,320
e0591,1100
e0592,960
e0593,680
e0594,20
e0595,280
e0596,220
e0597,360
e0598,240
e0599,400
e0600,540
e0601,1020
e0602,120
e0603,660
e0604,20
e0605,360
e0606,480
e0607,20
e0608,120
e0609,300
e0610,260
e0611,400
e0612,680
e0613,260
e0614,220
e0615,800
e0616,420
e0617,20
e0618,260
e0619,20
e0620,800
e0621,660
e0622,120
e0623,780
e0624,100
e0625,20
e0626,260
e0627,220
e0628,820
e0629,120
e0630,80
e0631,580
e0632,120
e0633,20
e0634,700
e0635,160
e0636,120
e0637,300
e0638,340
e0639,560
e0640,340
e0641,800
e0642,320
e0643,240
e0644,440
e0645,360
e0646,200
e0647,820
e0648,620
e0649,460
e0650,380
e0651,780
e0652,160
e0653,260
e0654,380
e0655,420
e0656,620
e0657,840
e0658,420
e0659,340
e0660,300
e0661,140
e0662,300
e0663,660
e0664,180
e0665,420
e0666,200
e0667,500
e0668,520
e0669,160
e0670,1080
e0671,180
e0672,200
e0673,160
e0674,420
e0675,80
e0676,60
e0677,600
e0678,420
e0679,660
e0680,200
e0681,80
e0682,480
e0683,20
e0684,20
e0685,480
e0686,460
e0687,820
e0688,760
e0689,560
e0690,540
e0691,360
e0692,240
e0693,120
e0694,800
e0695,340
e0696,460
e0697,280
e0698,260
e0699,160
e0700,680
e0701,340
e0702,20
e0703,420
e0704,80
e0705,340
e0706,120
e0707,640
e0708,780
e0709,80
e0710,660
e0711,20
e0712,500
e0713,640
e0714,140
e0715,500
e0716,20
e0717,700
e0718,420
e0719,280
e0720,360
e0721,720
e0722,20
e0723,140
e0724,480
e0725,240
e0726,260
e0727,540
e0728,480
e0729,360
e0730,80
e0731,420
e0732,380
e0733,180
e0734,460
e0735,600
e0736,300
e0737,700
e0738,140
e0739,380
e0740,240
e0741,660
e0742,20
e0743,480
e0744,640
e0745,80
e0746,100
e0747,340
e0748,580
e0749,680
e0750,860
e0751,120
e0752,200
e0753,400
e0754,560
e0755,720
e0756,20
e0757,20
e0758,460
e0759,520
e0760,300
e0761,160
e0762,20
e0763,600
e0764,300
e0765,140
e0766,540
e0767,560
e0768,140
e0769,500
e0770,600
e0771,480
e0772,340
e0773,400
e0774,400
e0775,20
e0776,360
e0777,160
e0778,80
e0779,20
e0780,600
e0781,160
e0782,180
e0783,460
e0784,560
e0785,200
e0786,380
e0787,240
e0788,140
e0789,360
e0790,360
e0791,760
e0792,260
e0793,480
e0794,260
e0795,220
e0796,540
e0797,500
e0798,180
e0799,320
e0800,60
e0801,360
e0802,600
e0803,200
e0804,460
e0805,440
e0806,60
e0807,440
e0808,60
e0809,140
e0810,140
e0811,380
e0812,60
e0813,620
e0814,280
e0815,200
e0816,340
e0817,100
e0818,900
e0819,640
e0820,280
e0821,480
e0822,320
e0823,360
e0824,20
e0825,20
e0826,260
e0827,480
e0828,500
e0829,200
e0830,220
e0831,140
e0832,480
e0833,500
e0834,660
e0835,220
e0836,620
e0837,840
e0838,300
e0839,200
e0840,60
e0841,420
e0842,160
e0843,660
e0844,160
e0845,460
e0846,220
e0847,540
e0848,220
e0849,680
e0850,140
e0851,440
e0852,20
e0853,620
e0854,400
e0855,80
e0856,640
e0857,100
e0858,420
e0859,80
e0860,120
e0861,160
e0862,360
e0863,500
e0864,480
e0865,740
e0866,400
e0867,1000
e0868,540
e0869,220
e0870,380
e0871,200
e0872,760
e0873,160
e0874,580
e0875,320
e0876,220
e0877,100
e0878,180
e0879,20
e0880,400
e0881,460
e0882,660
e0883,80
e0884,520
e0885,420
e0886,980
e0887,340
e0888,20
e0889,340
e0890,660
e0891,540
e0892,520
e0893,460
e0894,20
e0895,660
e0896,840
e0897,180
e0898,540
e0899,300
e0900,300
e0901,1060
e0902,560
e0903,800
e0904,420
e0905,820
e0906,360
e0907,140
e0908,700
e0909,1000
e0910,400
e0911,580
e0912,540
e0913,240
e0914,400
e0915,520
e0916,440
e0917,520
e0918,520
e0919,20
e0920,600
e0921,480
e0922,800
e0923,420
e0924,160
e0925,500
e0926,20
e0927,400
e0928,400
e0929,180
e0930,360
e0931,520
e0932,700
e0933,100
e0934,240
e0935,500
e0936,80
e0937,300
e0938,120
e0939,420
e0940,340
e0941,1320
e0942,20
e0943,140
e0944,440
e0945,440
e0946,20
e0947,120
e0948,80
e0949,440
e0950,700
e0951,20
e0952,620
e0953,880
e0954,760
e0955,160
e0956,400
e0957,340
e0958,340
e0959,620
e0960,620
e0961,220
e0962,160
e0963,580
e0964,120
e0965,20
e0966,20
e0967,560
e0968,240
e0969,520
e0970,480
e0971,80
e0972,620
e0973,180
e0974,180
e0975,800
e0976,20
e0977,540
e0978,20
e0979,240
e0980,200
e0981,300
e0982,240
e0983,640
e0984,160
e0985,600
e0986,640
e0987,620
e0988,1000
e0989,20
e0990,1460
e0991,220
e0992,200
e0993,300
e0994,300
e0995,380
e0996,980
e0997,420
e0998,520
e0999,20
e1000,680
e1001,980
e1002,1160
e1003,80
e1004,120
e1005,760
e1006,260
e1007,440
e1008,560
e1009,320
e1010,360
e1011,80
e1012,460
e1013,240
e1014,400
e1015,80
e1016,280
e1017,700
e1018,20
e1019,160
e1020,340
e1021,380
e1022,60
e1023,480
e1024,20
e1025,500
e1026,720
e1027,360
e1028,60
e1029,80
e1030,140
e1031,60
e1032,320
e1033,300
e1034,140
e1035,180
e1036,220
e1037,260
e1038,100
e1039,20
e1040,20
e1041,20
e1042,460
e1043,220
e1044,240
e1045,500
e1046,500
e1047,820
e1048,420
e1049,380
e1050,620
e1051,640
e1052,460
e1053,560
e1054,520
e1055,140
e1056,580
e1057,20
e1058,60
e1059,960
e1060,20
e1061,580
e1062,1360
e1063,20
e1064,540
e1065,300
e1066,140
e1067,940
e1068,640
e1069,360
e1070,340
e1071,140
e1072,460
e1073,380
e1074,220
e1075,400
e1076,140
e1077,460
e1078,480
e1079,380
e1080,20
e1081,1120
e1082,220
e1083,180
e1084,200
e1085,500
e1086,820
e1087,340
e1088,560
e1089,160
e1090,160
e1091,320
e1092,400
e1093,400
e1094,80
e1095,280
e1096,500
e1097,440
e1098,660
e1099,840
e1100,740
e1101,460
e1102,660
e1103,320
e1104,380
e1105,260
e1106,300
e1107,200
e1108,280
e1109,20
e1110,720
e1111,340
e1112,560
e1113,100
e1114,540
e1115,660
e1116,340
e1117,20
e1118,280
e1119,160
e1120,100
e1121,440
e1122,20
e1123,160
e1124,540
e1125,100
e1126,320
e1127,260
e1128,220
e1129,540
e1130,700
e1131,240
e1132,860
e1133,720
e1134,260
e1135,440
e1136,300
e1137,100
e1138,480
e1139,200
e1140,720
e1141,140
e1142,860
e1143,20
e1144,420
e1145,160
e1146,440
e1147,140
e1148,200
e1149,320
e1150,200
e1151,400
e1152,200
e1153,760
e1154,20
e1155,80
e1156,80
e1157,400
e1158,420
e1159,700
e1160,840
e1161,140
e1162,400
e1163,400
e1164,600
e1165,140
e1166,800
e1167,120
e1168,820
e1169,400
e1170,380
e1171,720
e1172,280
e1173,440
e1174,20
e1175,200
e1176,520
e1177,620
e1178,340
e1179,1340
e1180,80
e1181,520
e1182,240
e1183,720
e1184,80
e1185,520
e1186,300
e1187,260
e1188,440
e1189,900
e1190,20
e1191,400
e1192,660
e1193,500
e1194,200
e1195,700
e1196,200
e1197,300
e1198,100
e1199,600
e1200,500
e1201,380
e1202,1040
e1203,880
e1204,680
e1205,660
e1206,80
e1207,940
e1208,600
e1209,520
e1210,20
e1211,220
e1212,440
e1213,80
e1214,640
e1215,420
e1216,880
e1217,580
e1218,800
e1219,900
e1220,500
e1221,280
e1222,520
e1223,340
e1224,880
e1225,180
e1226,160
e1227,440
e1228,540
e1229,560
e1230,820
e1231,140
e1232,520
e1233,620
e1234,360
e1235,440
e1236,200
e1237,520
e1238,120
e1239,700
e1240,300
e1241,100
e1242,300
e1243,360
e1244,340
e1245,520
e1246,440
e1247,160
e1248,300
e1249,260
e1250,420
e1251,280
e1252,900
e1253,100
e1254,420
e1255,420
e1256,20
e1257,660
e1258,160
e1259,600
e1260,480
e1261,400
e1262,140
e1263,480
e1264,360
e1265,20
e1266,640
e1267,360
e1268,280
e1269,640
e1270,660
e1271,800
e1272,980
e1273,60
e1274,700
e1275,60
e1276,100
e1277,420
e1278,20
e1279,20
e1280,540
e1281,460
e1282,280
e1283,100
e1284,500
e1285,520
e1286,340
e1287,500
e1288,200
e1289,20
e1290,560
e1291,120
e1292,540
e1293,420
e1294,800
e1295,620
e1296,620
e1297,940
e1298,520
e1299,840
e1300,580
e1301,160
e1302,260
e1303,620
e1304,20
e1305,840
e1306,1020
e1307,1500
e1308,400
e1309,480
e1310,20
e1311,20
e1312,20
e1313,500
e1314,120
e1315,480
e1316,220
e1317,660
e1318,160
e1319,300
e1320,260
e1321,280
e1322,400
e1323,580
e1324,1500
e1325,140
e1326,620
e1327,580
e1328,600
e1329,420
e1330,220
e1331,860
e1332,260
e1333,200
e1334,420
e1335,420
e1336,260
e1337,380
e1338,480
e1339,440
e1340,280
e1341,20
e1342,240
e1343,540
e1344,320
e1345,120
e1346,360
e1347,760
e1348,180
e1349,140
e1350,460
e1351,620
e1352,200
e1353,880
e1354,240
e1355,380
e1356,480
e1357,100
e1358,940
e1359,680
e1360,400
e1361,340
e1362,860
e1363,20
e1364,720
e1365,400
e1366,640
e1367,420
e1368,60
e1369,140
e1370,400
e1371,380
e1372,300
e1373,420
e1374,20
e1375,720
e1376,800
e1377,360
e1378,20
e1379,220
e1380,480
e1381,900
e1382,320
e1383,640
e1384,160
e1385,20
e1386,700
e1387,320
e1388,180
e1389,20
e1390,300
e1391,840
e1392,120
e1393,540
e1394,340
e1395,400
e1396,280
e1397,400
e1398,760
e1399,640
e1400,400
e1401,360
e1402,580
e1403,20
e1404,520
e1405,240
e1406,1500
e1407,180
e1408,620
e1409,700
e1410,20
e1411,400
e1412,760
e1413,380
e1414,240
e1415,400
e1416,860
e1417,140
e1418,240
e1419,180
e1420,520
e1421,420
e1422,180
e1423,580
e1424,460
e1425,420
e1426,300
e1427,480
e1428,160
e1429,220
e1430,400
e1431,180
e1432,540
e1433,440
e1434,120
e1435,620
e1436,80
e1437,340
e1438,500
e1439,420
e1440,360
e1441,600
e1442,340
e1443,180
e1444,560
e1445,200
e1446,800
e1447,200
e1448,420
e1449,20
e1450,580
e1451,680
e1452,460
e1453,440
e1454,680
e1455,460
e1456,400
e1457,460
e1458,140
e1459,900
e1460,440
e1461,240
e1462,640
e1463,760
e1464,240
e1465,320
e1466,180
e1467,560
e1468,340
e1469,520
e1470,580
e1471,300
e1472,260
e1473,480
e1474,580
e1475,100
e1476,520
e1477,460
e1478,300
e1479,600
e1480,80
e1481,700
e1482,160
e1483,480
e1484,500
e1485,180
e1486,480
e1487,80
e1488,420
e1489,100
e1490,1300
e1491,480
e1492,260
e1493,20
e1494,20
e1495,520
e1496,840
e1497,660
e1498,400
e1499,520
e1500,160
e1501,440
e1502,580
e1503,380
e1504,420
e1505,340
e1506,660
e1507,20
e1508,100
e1509,300
e1510,20
e1511,40
e1512,660
e1513,600
e1514,480
e1515,460
e1516,160
e1517,60
e1518,540
e1519,180
e1520,340
e1521,120
e1522,20
e1523,140
e1524,600
e1525,580
e1526,80
e1527,520
e1528,480
e1529,1180
e1530,600
e1531,540
e1532,240
e1533,280
e1534,360
e1535,560
e1536,240
e1537,280
e1538,720
e1539,100
e1540,320
e1541,20
e1542,280
e1543,260
e1544,220
e1545,720
e1546,140
e1547,640
e1548,100
e1549,640
e1550,580
e1551,260
e1552,520
e1553,80
e1554,360
e1555,500
e1556,940
e1557,620
e1558,580
e1559,560
e1560,340
e1561,460
e1562,360
e1563,1340
e1564,300
e1565,620
e1566,120
e1567,340
e1568,20
e1569,420
e1570,380
e1571,240
e1572,400
e1573,720
e1574,880
e1575,420
e1576,400
e1577,20
e1578,300
e1579,380
e1580,20
e1581,20
e1582,380
e1583,700
e1584,480
e1585,540
e1586,640
e1587,1020
e1588,480
e1589,280
e1590,360
e1591,980
e1592,220
e1593,300
e1594,160
e1595,420
e1596,520
e1597,60
e1598,400
e1599,580
e1600,60
e1601,200
e1602,480
e1603,180
e1604,140
e1605,180
e1606,180
e1607,120
e1608,560
e1609,160
e1610,600
e1611,320
e1612,560
e1613,500
e1614,920
e1615,140
e1616,600
e1617,180
e1618,440
e1619,540
e1620,400
e1621,820
e1622,400
e1623,620
e1624,440
e1625,640
e1626,420
e1627,380
e1628,900
e1629,640
e1630,920
e1631,200
e1632,20
e1633,440
e1634,380
e1635,380
e1636,480
e1637,760
e1638,680
e1639,220
e1640,460
e1641,20
e1642,320
e1643,120
e1644,440
e1645,860
e1646,140
e1647,140
e1648,260
e1649,180
e1650,380
e1651,420
e1652,120
e1653,460
e1654,700
e1655,200
e1656,200
e1657,380
e1658,640
e1659,140
e1660,780
e1661,20
e1662,240
e1663,680
e1664,20
e1665,620
e1666,560
e1667,240
e1668,160
e1669,60
e1670,640
e1671,260
e1672,920
e1673,100
e1674,240
e1675,480
e1676,620
e1677,160
e1678,260
e1679,960
e1680,460
e1681,400
e1682,80
e1683,40
e1684,20
e1685,120
e1686,220
e1687,280
e1688,320
e1689,740
e1690,300
e1691,20
e1692,700
e1693,260
e1694,280
e1695,420
e1696,180
e1697,100
e1698,200
e1699,620
e1700,840
e1701,420
e1702,800
e1703,200
e1704,360
e1705,400
e1706,540
e1707,680
e1708,120
e1709,560
e1710,660
e1711,280
e1712,920
e1713,920
e1714,740
e1715,680
e1716,160
e1717,120
e1718,140
e1719,200
e1720,260
e1721,720
e1722,60
e1723,400
e1724,280
e1725,140
e1726,520
e1727,820
e1728,360
e1729,800
e1730,780
e1731,560
e1732,20
e1733,820
e1734,180
e1735,80
e1736,440
e1737,440
e1738,380
e1739,500
e1740,100
e1741,580
e1742,320
e1743,400
e1744,800
e1745,480
e1746,200
e1747,520
e1748,20
e1749,840
e1750,460
e1751,20
e1752,20
e1753,160
e1754,760
e1755,820
e1756,360
e1757,260
e1758,520
e1759,540
e1760,220
e1761,720
e1762,280
e1763,320
e1764,500
e1765,20
e1766,420
e1767,80
e1768,180
e1769,660
e1770,80
e1771,480
e1772,320
e1773,540
e1774,280
e1775,880
e1776,780
e1777,240
e1778,960
e1779,800
e1780,440
e1781,400
e1782,400
e1783,420
e1784,800
e1785,560
e1786,320
e1787,340
e1788,580
e1789,20
e1790,20
e1791,620
e1792,760
e1793,320
e1794,660
e1795,520
e1796,160
e1797,1600
e1798,540
e1799,20
e1800,800
e1801,340
e1802,520
e1803,220
e1804,140
e1805,500
e1806,260
e1807,1440
e1808,280
e1809,440
e1810,20
e1811,300
e1812,480
e1813,780
e1814,80
e1815,260
e1816,700
e1817,100
e1818,460
e1819,280
e1820,340
e1821,280
e1822,20
e1823,60
e1824,700
e1825,180
e1826,260
e1827,220
e1828,320
e1829,520
e1830,740
e1831,120
e1832,20
e1833,440
e1834,480
e1835,580
e1836,940
e1837,340
e1838,380
e1839,980
e1840,420
e1841,200
e1842,260
e1843,300
e1844,580
e1845,620
e1846,300
e1847,420
e1848,220
e1849,20
e1850,620
e1851,20
e1852,660
e1853,20
e1854,560
e1855,580
e1856,80
e1857,20
e1858,780
e1859,480
e1860,420
e1861,260
e1862,20
e1863,440
e1864,240
e1865,500
e1866,1740
e1867,1640
e1868,20
e1869,740
e1870,260
e1871,600
e1872,140
e1873,200
e1874,760
e1875,940
e1876,60
e1877,700
e1878,560
e1879,820
e1880,740
e1881,380
e1882,680
e1883,160
e1884,640
e1885,700
e1886,180
e1887,880
e1888,280
e1889,940
e1890,840
e1891,940
e1892,360
e1893,420
e1894,540
e1895,440
e1896,60
e1897,780
e1898,340
e1899,120
e1900,300
e1901,380
e1902,520
e1903,620
e1904,300
e1905,260
e1906,20
e1907,580
e1908,420
e1909,380
e1910,180
e1911,140
e1912,180
e1913,560
e1914,960
e1915,120
e1916,380
e1917,440
e1918,100
e1919,220
e1920,540
e1921,280
e1922,20
e1923,840
e1924,520
e1925,420
e1926,860
e1927,140
e1928,680
e1929,660
e1930,260
e1931,20
e1932,360
e1933,160
e1934,840
e1935,100
e1936,20
e1937,600
e1938,480
e1939,1000
e1940,760
e1941,400
e1942,540
e1943,640
e1944,280
e1945,220
e1946,500
e1947,100
e1948,340
e1949,220
e1950,560
e1951,20
e1952,740
e1953,120
e1954,200
e1955,180
e1956,440
e1957,320
e1958,640
e1959,320
e1960,240
e1961,100
e1962,140
e1963,720
e1964,460
e1965,180
e1966,500
e1967,260
e1968,380
e1969,240
e1970,200
e1971,360
e1972,180
e1973,500
e1974,220
e1975,220
e1976,120
e1977,380
e1978,360
e1979,1020
e1980,180
e1981,740
e1982,460
e1983,240
e1984,620
e1985,1360
e1986,360
e1987,260
e1988,60
e1989,360
e1990,420
e1991,1320
e1992,860
e1993,160
e1994,60
e1995,680
e1996,240
e1997,580
e1998,220
e1999,20
e2000,200
e2001,20
e2002,180
e2003,300
e2004,600
e2005,600
e2006,260
e2007,680
e2008,20
e2009,440
e2010,460
e2011,720
e2012,420
e2013,560
e2014,300
e2015,60
e2016,360
e2017,560
e2018,20
e2019,440
e2020,780
e2021,220
e2022,680
e2023,880
e2024,360
e2025,140
e2026,80
e2027,300
e2028,320
e2029,1000
e2030,480
e2031,440
e2032,700
e2033,300
e2034,360
e2035,400
e2036,500
e2037,180
e2038,260
e2039,420
e2040,520
e2041,60
e2042,180
e2043,500
e2044,340
e2045,20
e2046,480
e2047,200
e2048,340
e2049,340
e2050,560
e2051,960
e2052,60
e2053,140
e2054,600
e2055,880
e2056,540
e2057,800
e2058,80
e2059,500
e2060,20
e2061,800
e2062,520
e2063,560
e2064,400
e2065,940
e2066,200
e2067,220
e2068,700
e2069,280
e2070,440
e2071,240
e2072,160
e2073,380
e2074,400
e2075,480
e2076,360
e2077,120
e2078,160
e2079,580
e2080,440
e2081,740
e2082,520
e2083,600
e2084,600
e2085,220
e2086,520
e2087,980
e2088,340
e2089,260
e2090,160
e2091,840
e2092,920
e2093,340
e2094,680
e2095,340
e2096,20
e2097,200
e2098,520
e2099,320
e2100,80
e2101,960
e2102,180
e2103,760
e2104,360
e2105,60
e2106,680
e2107,660
e2108,200
e2109,660
e2110,60
e2111,580
e2112,220
e2113,720
e2114,280
e2115,820
e2116,100
e2117,420
e2118,240
e2119,220
e2120,320
e2121,280
e2122,1080
e2123,400
e2124,200
e2125,860
e2126,320
e2127,440
e2128,820
e2129,100
e2130,900
e2131,400
e2132,200
e2133,180
e2134,520
e2135,400
e2136,280
e2137,220
e2138,120
e2139,540
e2140,740
e2141,360
f0001,780
f0002,460
f0003,540
f0004,900
f0005,660
f0006,120
f0007,100
f0008,220
f0009,680
f0010,740
f0011,540
f0012,300
f0013,380
f0014,300
f0015,480
f0016,200
f0017,660
f0018,1140
f0019,400
f0020,320
f0021,260
f0022,240
f0023,580
f0024,320
f0025,760
f0026,920
f0027,100
f0028,840
f0029,100
f0030,220
f0031,600
f0032,60
f0033,540
f0034,820
f0035,160
f0036,140
f0037,540
f0038,280
f0039,560
f0040,140
f0041,700
f0042,640
f0043,120
f0044,440
f0045,880
f0046,320
f0047,180
f0048,720
f0049,680
f0050,780
f0051,200
f0052,220
f0053,520
f0054,240
f0055,560
f0056,520
f0057,380
f0058,500
f0059,200
f0060,640
f0061,200
f0062,760
f0063,100
f0064,700
f0065,1060
f0066,460
f0067,800
f0068,220
f0069,520
f0070,680
f0071,500
f0072,160
f0073,620
f0074,400
f0075,300
f0076,20
f0077,360
f0078,600
f0079,400
f0080,780
f0081,700
f0082,380
f0083,420
f0084,120
f0085,120
f0086,160
f0087,180
f0088,280
f0089,880
f0090,380
f0091,360
f0092,280
f0093,240
f0094,460
f0095,280
f0096,940
f0097,300
f0098,480
f0099,200
f0100,180
f0101,560
f0102,540
f0103,540
f0104,600
f0105,180
f0106,580
f0107,660
f0108,680
f0109,420
f0110,220
f0111,220
f0112,260
f0113,60
f0114,400
